[["XGBoost", "tf-idf_ngram", {"objective": "binary:logistic", "use_label_encoder": null, "base_score": null, "booster": null, "callbacks": null, "colsample_bylevel": null, "colsample_bynode": null, "colsample_bytree": null, "early_stopping_rounds": null, "enable_categorical": false, "eval_metric": null, "feature_types": null, "gamma": null, "gpu_id": null, "grow_policy": null, "importance_type": null, "interaction_constraints": null, "learning_rate": null, "max_bin": null, "max_cat_threshold": null, "max_cat_to_onehot": null, "max_delta_step": null, "max_depth": null, "max_leaves": null, "min_child_weight": null, "missing": NaN, "monotone_constraints": null, "n_estimators": 100, "n_jobs": null, "num_parallel_tree": null, "predictor": null, "random_state": null, "reg_alpha": null, "reg_lambda": null, "sampling_method": null, "scale_pos_weight": null, "subsample": null, "tree_method": null, "validate_parameters": null, "verbosity": null}], ["MultinomialNB", "tf-idf_ngram", {"alpha": 1.0, "class_prior": null, "fit_prior": true, "force_alpha": "warn"}], ["SVM_RBF", "tf-idf_ngram", {"C": 1.0, "break_ties": false, "cache_size": 200, "class_weight": null, "coef0": 0.0, "decision_function_shape": "ovr", "degree": 3, "gamma": "scale", "kernel": "rbf", "max_iter": -1, "probability": false, "random_state": null, "shrinking": true, "tol": 0.001, "verbose": false}], ["MLPClassifier", "tf-idf_ngram", {"activation": "relu", "alpha": 1, "batch_size": "auto", "beta_1": 0.9, "beta_2": 0.999, "early_stopping": false, "epsilon": 1e-08, "hidden_layer_sizes": [20], "learning_rate": "constant", "learning_rate_init": 0.001, "max_fun": 15000, "max_iter": 1000, "momentum": 0.9, "n_iter_no_change": 10, "nesterovs_momentum": true, "power_t": 0.5, "random_state": null, "shuffle": true, "solver": "adam", "tol": 0.0001, "validation_fraction": 0.1, "verbose": false, "warm_start": false}], ["KNeighborsClassifier", "tf-idf_ngram", {"algorithm": "auto", "leaf_size": 30, "metric": "minkowski", "metric_params": null, "n_jobs": null, "n_neighbors": 3, "p": 2, "weights": "uniform"}], ["NearestCentroid", "tf-idf_ngram", {"metric": "euclidean", "shrink_threshold": null}], ["RadiusNeighborsClassifier", "tf-idf_ngram", {"algorithm": "auto", "leaf_size": 30, "metric": "minkowski", "metric_params": null, "n_jobs": null, "outlier_label": 1, "p": 2, "radius": 1.0, "weights": "uniform"}], ["SVC-GC", "tf-idf_ngram", {"C": 1, "break_ties": false, "cache_size": 200, "class_weight": null, "coef0": 0.0, "decision_function_shape": "ovr", "degree": 3, "gamma": 2, "kernel": "rbf", "max_iter": -1, "probability": false, "random_state": null, "shrinking": true, "tol": 0.001, "verbose": false}], ["NuSVC", "tf-idf_ngram", {"break_ties": false, "cache_size": 200, "class_weight": null, "coef0": 0.0, "decision_function_shape": "ovr", "degree": 3, "gamma": "scale", "kernel": "rbf", "max_iter": -1, "nu": 0.5, "probability": false, "random_state": null, "shrinking": true, "tol": 0.001, "verbose": false}], ["LinearSVC", "tf-idf_ngram", {"C": 1.0, "class_weight": null, "dual": true, "fit_intercept": true, "intercept_scaling": 1, "loss": "squared_hinge", "max_iter": 1000, "multi_class": "ovr", "penalty": "l2", "random_state": null, "tol": 0.0001, "verbose": 0}], ["DecisionTreeClassifier", "tf-idf_ngram", {"ccp_alpha": 0.0, "class_weight": null, "criterion": "gini", "max_depth": 5, "max_features": null, "max_leaf_nodes": null, "min_impurity_decrease": 0.0, "min_samples_leaf": 1, "min_samples_split": 2, "min_weight_fraction_leaf": 0.0, "random_state": null, "splitter": "best"}], ["AdaBoostClassifier", "tf-idf_ngram", {"algorithm": "SAMME.R", "base_estimator": "deprecated", "estimator": "NoneType", "learning_rate": 1.0, "n_estimators": 50, "random_state": null}], ["BaggingClassifier", "tf-idf_ngram", {"base_estimator": "deprecated", "bootstrap": true, "bootstrap_features": false, "estimator": "NoneType", "max_features": 1.0, "max_samples": 1.0, "n_estimators": 10, "n_jobs": null, "oob_score": false, "random_state": null, "verbose": 0, "warm_start": false}], ["ExtraTreesClassifier", "tf-idf_ngram", {"bootstrap": false, "ccp_alpha": 0.0, "class_weight": null, "criterion": "gini", "max_depth": null, "max_features": "sqrt", "max_leaf_nodes": null, "max_samples": null, "min_impurity_decrease": 0.0, "min_samples_leaf": 1, "min_samples_split": 2, "min_weight_fraction_leaf": 0.0, "n_estimators": 100, "n_jobs": null, "oob_score": false, "random_state": null, "verbose": 0, "warm_start": false}], ["RidgeClassifier", "tf-idf_ngram", {"alpha": 1.0, "class_weight": null, "copy_X": true, "fit_intercept": true, "max_iter": null, "positive": false, "random_state": null, "solver": "auto", "tol": 0.0001}], ["SGDClassifier", "tf-idf_ngram", {"alpha": 0.0001, "average": false, "class_weight": null, "early_stopping": false, "epsilon": 0.1, "eta0": 0.0, "fit_intercept": true, "l1_ratio": 0.15, "learning_rate": "optimal", "loss": "hinge", "max_iter": 1000, "n_iter_no_change": 5, "n_jobs": null, "penalty": "l2", "power_t": 0.5, "random_state": null, "shuffle": true, "tol": 0.001, "validation_fraction": 0.1, "verbose": 0, "warm_start": false}], ["Perceptron", "tf-idf_ngram", {"alpha": 0.0001, "class_weight": null, "early_stopping": false, "eta0": 1.0, "fit_intercept": true, "l1_ratio": 0.15, "max_iter": 1000, "n_iter_no_change": 5, "n_jobs": null, "penalty": null, "random_state": 0, "shuffle": true, "tol": 0.001, "validation_fraction": 0.1, "verbose": 0, "warm_start": false}], ["LogisticRegression", "tf-idf_ngram", {"C": 1.0, "class_weight": null, "dual": false, "fit_intercept": true, "intercept_scaling": 1, "l1_ratio": null, "max_iter": 100, "multi_class": "auto", "n_jobs": null, "penalty": "l2", "random_state": null, "solver": "lbfgs", "tol": 0.0001, "verbose": 0, "warm_start": false}], ["PassiveAggressiveClassifier", "tf-idf_ngram", {"C": 1.0, "average": false, "class_weight": null, "early_stopping": false, "fit_intercept": true, "loss": "hinge", "max_iter": 1000, "n_iter_no_change": 5, "n_jobs": null, "random_state": null, "shuffle": true, "tol": 0.001, "validation_fraction": 0.1, "verbose": 0, "warm_start": false}], ["OneVsRestClassifier", "tf-idf_ngram", {"estimator__objective": "binary:logistic", "estimator__use_label_encoder": null, "estimator__base_score": null, "estimator__booster": null, "estimator__callbacks": null, "estimator__colsample_bylevel": null, "estimator__colsample_bynode": null, "estimator__colsample_bytree": null, "estimator__early_stopping_rounds": null, "estimator__enable_categorical": false, "estimator__eval_metric": null, "estimator__feature_types": null, "estimator__gamma": null, "estimator__gpu_id": null, "estimator__grow_policy": null, "estimator__importance_type": null, "estimator__interaction_constraints": null, "estimator__learning_rate": null, "estimator__max_bin": null, "estimator__max_cat_threshold": null, "estimator__max_cat_to_onehot": null, "estimator__max_delta_step": null, "estimator__max_depth": null, "estimator__max_leaves": null, "estimator__min_child_weight": null, "estimator__missing": NaN, "estimator__monotone_constraints": null, "estimator__n_estimators": 100, "estimator__n_jobs": null, "estimator__num_parallel_tree": null, "estimator__predictor": null, "estimator__random_state": null, "estimator__reg_alpha": null, "estimator__reg_lambda": null, "estimator__sampling_method": null, "estimator__scale_pos_weight": null, "estimator__subsample": null, "estimator__tree_method": null, "estimator__validate_parameters": null, "estimator__verbosity": null, "estimator": "XGBClassifier", "n_jobs": null, "verbose": 0}], ["OneVsOneClassifier", "tf-idf_ngram", {"estimator__objective": "binary:logistic", "estimator__use_label_encoder": null, "estimator__base_score": null, "estimator__booster": null, "estimator__callbacks": null, "estimator__colsample_bylevel": null, "estimator__colsample_bynode": null, "estimator__colsample_bytree": null, "estimator__early_stopping_rounds": null, "estimator__enable_categorical": false, "estimator__eval_metric": null, "estimator__feature_types": null, "estimator__gamma": null, "estimator__gpu_id": null, "estimator__grow_policy": null, "estimator__importance_type": null, "estimator__interaction_constraints": null, "estimator__learning_rate": null, "estimator__max_bin": null, "estimator__max_cat_threshold": null, "estimator__max_cat_to_onehot": null, "estimator__max_delta_step": null, "estimator__max_depth": null, "estimator__max_leaves": null, "estimator__min_child_weight": null, "estimator__missing": NaN, "estimator__monotone_constraints": null, "estimator__n_estimators": 100, "estimator__n_jobs": null, "estimator__num_parallel_tree": null, "estimator__predictor": null, "estimator__random_state": null, "estimator__reg_alpha": null, "estimator__reg_lambda": null, "estimator__sampling_method": null, "estimator__scale_pos_weight": null, "estimator__subsample": null, "estimator__tree_method": null, "estimator__validate_parameters": null, "estimator__verbosity": null, "estimator": "XGBClassifier", "n_jobs": null}], ["MultinomialNB", "tf-idf", {"alpha": 1.0, "class_prior": null, "fit_prior": true, "force_alpha": "warn"}], ["XGBoost", "tf-idf", {"objective": "binary:logistic", "use_label_encoder": null, "base_score": null, "booster": null, "callbacks": null, "colsample_bylevel": null, "colsample_bynode": null, "colsample_bytree": null, "early_stopping_rounds": null, "enable_categorical": false, "eval_metric": null, "feature_types": null, "gamma": null, "gpu_id": null, "grow_policy": null, "importance_type": null, "interaction_constraints": null, "learning_rate": null, "max_bin": null, "max_cat_threshold": null, "max_cat_to_onehot": null, "max_delta_step": null, "max_depth": null, "max_leaves": null, "min_child_weight": null, "missing": NaN, "monotone_constraints": null, "n_estimators": 100, "n_jobs": null, "num_parallel_tree": null, "predictor": null, "random_state": null, "reg_alpha": null, "reg_lambda": null, "sampling_method": null, "scale_pos_weight": null, "subsample": null, "tree_method": null, "validate_parameters": null, "verbosity": null}], ["SVM_RBF", "tf-idf", {"C": 1.0, "break_ties": false, "cache_size": 200, "class_weight": null, "coef0": 0.0, "decision_function_shape": "ovr", "degree": 3, "gamma": "scale", "kernel": "rbf", "max_iter": -1, "probability": false, "random_state": null, "shrinking": true, "tol": 0.001, "verbose": false}], ["MultinomialNB", "bag_of_characters", {"alpha": 1.0, "class_prior": null, "fit_prior": true, "force_alpha": "warn"}], ["XGBoost", "bag_of_characters", {"objective": "binary:logistic", "use_label_encoder": null, "base_score": null, "booster": null, "callbacks": null, "colsample_bylevel": null, "colsample_bynode": null, "colsample_bytree": null, "early_stopping_rounds": null, "enable_categorical": false, "eval_metric": null, "feature_types": null, "gamma": null, "gpu_id": null, "grow_policy": null, "importance_type": null, "interaction_constraints": null, "learning_rate": null, "max_bin": null, "max_cat_threshold": null, "max_cat_to_onehot": null, "max_delta_step": null, "max_depth": null, "max_leaves": null, "min_child_weight": null, "missing": NaN, "monotone_constraints": null, "n_estimators": 100, "n_jobs": null, "num_parallel_tree": null, "predictor": null, "random_state": null, "reg_alpha": null, "reg_lambda": null, "sampling_method": null, "scale_pos_weight": null, "subsample": null, "tree_method": null, "validate_parameters": null, "verbosity": null}], ["SVM_RBF", "bag_of_characters", {"C": 1.0, "break_ties": false, "cache_size": 200, "class_weight": null, "coef0": 0.0, "decision_function_shape": "ovr", "degree": 3, "gamma": "scale", "kernel": "rbf", "max_iter": -1, "probability": false, "random_state": null, "shrinking": true, "tol": 0.001, "verbose": false}]]